domain,purchase_price,estimated_value,roi_percentage,recommendation,priority,da,backlinks,source
business-consulting-firm.com,415.04,2266.12,446.0,ACHETER RAPIDEMENT,üî• URGENT,45,1106,dropcatch.com
seo-marketing-expert.com,524.56,2864.1,446.0,ACHETER RAPIDEMENT,üî• URGENT,48,1008,snapnames.com
ecommerce-solutions-pro.com,376.25,1896.3,404.0,ACHETER RAPIDEMENT,üî• URGENT,44,1036,expireddomains.net
tech-startup-blog.org,366.96,1585.27,332.0,ACHETER RAPIDEMENT,üî• URGENT,43,961,snapnames.com
data-analytics-pro.net,353.88,1528.76,332.0,ACHETER RAPIDEMENT,üî• URGENT,47,973,dropcatch.com
online-learning-platform.com,452.87,1902.05,320.0,ACHETER RAPIDEMENT,üî• URGENT,47,1343,expireddomains.net
cloud-computing-solutions.com,438.59,1842.08,320.0,ACHETER RAPIDEMENT,üî• URGENT,49,1411,dropcatch.com
online-marketing-hub.org,285.77,1159.08,305.6,ACHETER RAPIDEMENT,üî• URGENT,34,930,expireddomains.net
home-improvement-tips.net,165.48,619.56,274.4,ACHETER RAPIDEMENT,üî• URGENT,34,501,pendingdelete.com
affiliate-income-pro.com,323.99,1213.02,274.4,ACHETER RAPIDEMENT,üî• URGENT,33,563,pendingdelete.com
wellness-coaching-pro.com,387.99,1452.63,274.4,ACHETER RAPIDEMENT,üî• URGENT,37,948,godaddy_auctions
digital-growth-agency.net,321.94,1205.34,274.4,ACHETER RAPIDEMENT,üî• URGENT,37,732,snapnames.com
skill-development-hub.net,269.14,968.9,260.0,ACHETER RAPIDEMENT,üî• URGENT,40,686,snapnames.com
fashion-style-trends.com,199.14,621.32,212.0,ACHETER,‚≠ê RECOMMAND√â,32,518,pendingdelete.com
web-development-tools.net,206.62,644.65,212.0,ACHETER,‚≠ê RECOMMAND√â,34,824,godaddy_auctions
startup-funding-guide.com,340.86,1063.48,212.0,ACHETER,‚≠ê RECOMMAND√â,34,842,godaddy_auctions
blockchain-development.com,349.91,1091.72,212.0,ACHETER,‚≠ê RECOMMAND√â,38,834,expireddomains.net
photography-portfolio.com,175.9,464.38,164.0,ACHETER,‚≠ê RECOMMAND√â,27,572,snapnames.com
